Set,Total,Time,Reflexivity_Count,Reflexivity_Pct,Irreflexivity_Count,Irreflexivity_Pct,Symmetry_Count,Symmetry_Pct,Asymmetry_Count,Asymmetry_Pct,Antisymmetry_Count,Antisymmetry_Pct,Transitivity_Count,Transitivity_Pct,Antitransitivity_Count,Antitransitivity_Pct,Totality_Count,Totality_Pct,Trichotomy_Count,Trichotomy_Pct
1,2,0.000000,1,50.000000,1,50.000000,2,100.000000,1,50.000000,2,100.000000,2,100.000000,1,50.000000,1,50.000000,2,100.000000
2,16,0.000000,4,25.000000,4,25.000000,8,50.000000,3,18.750000,12,75.000000,13,81.250000,4,25.000000,3,18.750000,12,75.000000
3,512,0.000000,64,12.500000,64,12.500000,64,12.500000,27,5.273438,216,42.187500,171,33.398438,39,7.617188,27,5.273438,216,42.187500
4,65536,0.018000,4096,6.250000,4096,6.250000,1024,1.562500,729,1.112366,11664,17.797852,3994,6.094360,921,1.405334,729,1.112366,11664,17.797852
5,33554432,9.130000,1048576,3.125000,1048576,3.125000,32768,0.097656,59049,0.175980,1889568,5.631351,154303,0.459859,47462,0.141448,59049,0.175980,1889568,5.631351
