Set,Total,Time,Antisymmetry_Count,Antisymmetry_Pct,Antitransitivity_Count,Antitransitivity_Pct,Asymmetry_Count,Asymmetry_Pct,Coreflexivity_Count,Coreflexivity_Pct,Density_Count,Density_Pct,Irreflexivity_Count,Irreflexivity_Pct,LeftEuclideanness_Count,LeftEuclideanness_Pct,LeftQuasiReflexivity_Count,LeftQuasiReflexivity_Pct,QuasiReflexivity_Count,QuasiReflexivity_Pct,Reflexivity_Count,Reflexivity_Pct,RightEuclideanness_Count,RightEuclideanness_Pct,RightQuasiReflexivity_Count,RightQuasiReflexivity_Pct,StrictDensity_Count,StrictDensity_Pct,Symmetry_Count,Symmetry_Pct,Totality_Count,Totality_Pct,Transitivity_Count,Transitivity_Pct,Trichotomy_Count,Trichotomy_Pct
1,2,0.000000,2,100.000000,1,50.000000,1,50.000000,2,100.000000,2,100.000000,1,50.000000,2,100.000000,2,100.000000,2,100.000000,1,50.000000,2,100.000000,2,100.000000,2,100.000000,2,100.000000,1,50.000000,2,100.000000,2,100.000000
2,16,0.000000,12,75.000000,4,25.000000,3,18.750000,4,25.000000,13,81.250000,4,25.000000,7,43.750000,9,56.250000,7,43.750000,4,25.000000,7,43.750000,9,56.250000,4,25.000000,8,50.000000,3,18.750000,13,81.250000,12,75.000000
3,512,0.000000,216,42.187500,39,7.617188,27,5.273438,8,1.562500,333,65.039063,64,12.500000,39,7.617188,125,24.414063,80,15.625000,64,12.500000,39,7.617188,125,24.414063,16,3.125000,64,12.500000,27,5.273438,171,33.398438,216,42.187500
4,65536,0.026000,11664,17.797852,921,1.405334,729,1.112366,16,0.024414,34924,53.289795,4096,6.250000,306,0.466919,6561,10.011292,4381,6.684875,4096,6.250000,306,0.466919,6561,10.011292,1408,2.148438,1024,1.562500,729,1.112366,3994,6.094360,11664,17.797852
5,33554432,14.394000,1889568,5.631351,47462,0.141448,59049,0.175980,32,0.000095,15339497,45.715263,1048576,3.125000,3163,0.009426,1419857,4.231504,1069742,3.188080,1048576,3.125000,3163,0.009426,1419857,4.231504,574112,1.710987,32768,0.097656,59049,0.175980,154303,0.459859,1889568,5.631351
