Set,Total,Time,Antisymmetry_Count,Antisymmetry_Pct,Antitransitivity_Count,Antitransitivity_Pct,Asymmetry_Count,Asymmetry_Pct,Coreflexivity_Count,Coreflexivity_Pct,Density_Count,Density_Pct,Irreflexivity_Count,Irreflexivity_Pct,LeftEuclideanness_Count,LeftEuclideanness_Pct,LeftQuasiReflexivity_Count,LeftQuasiReflexivity_Pct,QuasiReflexivity_Count,QuasiReflexivity_Pct,Reflexivity_Count,Reflexivity_Pct,RightEuclideanness_Count,RightEuclideanness_Pct,RightQuasiReflexivity_Count,RightQuasiReflexivity_Pct,StrictDensity_Count,StrictDensity_Pct,Symmetry_Count,Symmetry_Pct,Totality_Count,Totality_Pct,Transitivity_Count,Transitivity_Pct,Trichotomy_Count,Trichotomy_Pct
1,2,0.002000,2,100.000000,1,50.000000,1,50.000000,2,100.000000,2,100.000000,1,50.000000,2,100.000000,2,100.000000,2,100.000000,1,50.000000,2,100.000000,2,100.000000,2,100.000000,2,100.000000,1,50.000000,2,100.000000,2,100.000000
2,16,0.000000,12,75.000000,4,25.000000,3,18.750000,4,25.000000,13,81.250000,4,25.000000,7,43.750000,9,56.250000,7,43.750000,4,25.000000,7,43.750000,9,56.250000,4,25.000000,8,50.000000,3,18.750000,13,81.250000,12,75.000000
3,512,0.000000,216,42.187500,78,15.234375,54,10.546875,8,1.562500,232,45.312500,128,25.000000,32,6.250000,50,9.765625,14,2.734375,0,0.000000,32,6.250000,50,9.765625,16,3.125000,64,12.500000,0,0.000000,158,30.859375,216,42.187500
4,65536,0.002000,49152,75.000000,11008,16.796875,12288,18.750000,1024,1.562500,29952,45.703125,16384,25.000000,10752,16.406250,20736,31.640625,1792,2.734375,0,0.000000,1792,2.734375,2304,3.515625,1024,1.562500,2048,3.125000,0,0.000000,35840,54.687500,0,0.000000
5,33554432,0.859000,25165824,75.000000,6815744,20.312500,6291456,18.750000,524288,1.562500,15073280,44.921875,8388608,25.000000,6422528,19.140625,11141120,33.203125,917504,2.734375,0,0.000000,917504,2.734375,1179648,3.515625,524288,1.562500,1048576,3.125000,0,0.000000,16515072,49.218750,0,0.000000
